{
  "data": {
    "instances": [
      {
        "__OBJ_TYPE": "Instance_Part_Storage",
        "btsKey": "7b3de783-debc-43d6-b079-5248fc995526",
        "density": 2.2,
        "friction": 0.37,
        "id": "8706053359896002561",
        "massCenter": {
          "x": 3.3633005619049,
          "y": 2.5898988246918,
          "z": -7.3694610595703
        },
        "material": {
          "color": {
            "g": 53,
            "r": 8
          }
        },
        "position": {
          "x": 3.3633005619049,
          "y": 2.5898988246918,
          "z": -7.3694610595703
        },
        "restitution": 0.3,
        "scale": {
          "x": 4.98299,
          "y": 3.17999,
          "z": 4.98299
        },
        "shape": "3",
        "size": {
          "x": 4.9829936027527,
          "y": 3.179993391037,
          "z": 4.9829936027527
        }
      },
      {
        "__OBJ_TYPE": "Instance_Part_Storage",
        "btsKey": "1d2c8f28-3aef-4a3d-a7a1-86276713bb28",
        "density": 2.2,
        "friction": 0.37,
        "id": "8706053360181837825",
        "massCenter": {
          "x": 10.229000091553,
          "y": 2.5898942947388,
          "z": -0.92100012302399
        },
        "material": {
          "color": {
            "b": 1,
            "g": 1
          }
        },
        "position": {
          "x": 10.229000091553,
          "y": 2.5898942947388,
          "z": -0.92100012302399
        },
        "restitution": 0.3,
        "scale": {
          "x": 4.98299,
          "y": 3.17999,
          "z": 4.98299
        },
        "shape": "3",
        "size": {
          "x": 4.9829936027527,
          "y": 3.179993391037,
          "z": 4.9829936027527
        }
      }
    ]
  },
  "meta": {
    "EXPORT": {
      "setting.json": "0d97b0a1903ba466509f6c097716ef7f"
    },
    "VERSION": "0.21"
  }
}